image_id,categoria,subtipo,type_fino,name,color,manual_label
100002074_2,shoes,,shoes,Black Leather Over-the-Knee Boots with Metallic Details,Black silver,shoe
100002074_3,bag,,bag,Givenchy Antigona Black Pebbled Leather Handbag,Black,bag
100029003_4,shoes,,shoes,Red Suede Platform Block Heel Pumps,red,shoe
100031484_3,shoes,,shoes,Jimmy Choo Suede Pointed Toe Pumps,Nude,shoe
10005935_2,shoes,,shoes,Black Gold Strappy Platform Peep-Toe Heels,black gold,shoe
100060207_2,shoes,,shoes,Striped Snakeskin Pointed-Toe Pumps,Yellow Multi,shoe
100077218_11,shoes,,shoes,Women's Pointed Toe Leather Ballet Flats,Light cream,shoe
100079699_2,shoes,,shoes,Elegant Nude Patent Platform Peep Toe Pumps,Nude,shoe
100089693_2,shoes,,shoes,Women's Black Peep Toe Platform Stiletto Pumps,Black,shoe
100095342_5,bag,,bag,Black Croc Embossed Leather Satchel,black,bag
100111991_4,bag,,bag,Michael Kors Croc-Embossed Graduated Brown Tote,Dark brown,bag
100118405_4,shoes,,shoes,Classic Suede Sheepskin Mid-Calf Boots,Tan,shoe
100119147_3,shoes,,shoes,Saint Laurent Black Leather Platform Pumps,Black,shoe
100119147_4,bag,,bag,Neon Yellow Clear Transparent Tote Bag,Neon yellow,bag
100119331_4,bag,,bag,Acid Wash Studded Denim Drawstring Backpack,Washed Blue,bag
10011935_5,shoes,,shoes,Python & Suede Open-Toe Sculptural Booties,Black Grey,shoe
10014953_14,shoes,,shoes,Christian Louboutin Black Patent Platform Pumps,Black,shoe
10014953_9,bag,,bag,Chanel Black Leather CC Logo Shoulder Bag,black,bag
100167523_10,shoes,,shoes,Brown Leather Buckle Stiletto Ankle Boots,brown,shoe
100167523_3,bag,,bag,Black Geometric Textured Crossbody Bag,Black,bag
100173896_4,shoes,,shoes,Women's Classic Black Lace-Up Ankle Boots,Black,shoe
100173896_5,bag,,bag,Dark Grey Faux Suede Dome Handbag,Dark grey,bag
100191721_5,bag,,bag,Textured Pattern Travel Duffel Bag,Dark brown,bag
100219114_5,bag,,bag,Black Crossbody Bag with Gold Bar Accent,black,bag
10022828_2,shoes,,shoes,Pink Satin Platform Pumps with Pyramid Stud,Pink,shoe
10022828_3,bag,,bag,Hot Pink Pleated Clutch with Heel Clasp,Hot Pink,bag
100277667_4,bag,,bag,Studded Faux Leather Drawstring Bucket Bag,Black,bag
100285829_14,bag,,bag,Pink Embroidered Box Clutch with Stone Clasp,Pink Orange,bag
100302025_5,bag,,bag,Black Structured Tote Bag with Gold Hardware,Black,bag
100330091_7,bag,,bag,Vintage Canvas & Leather Buckle Backpack,Black Brown,bag
