image_id,sugerida,type_fino,main_category,name,color,manual_label
100002074_3,bag,bag,bag,Givenchy Antigona Black Pebbled Leather Handbag,Black,handbag
100095342_5,bag,bag,bag,Black Croc Embossed Leather Satchel,black,satchel
100111991_4,bag,bag,bag,Michael Kors Croc-Embossed Graduated Brown Tote,Dark brown,tote
100119147_4,bag,bag,bag,Neon Yellow Clear Transparent Tote Bag,Neon yellow,tote
100119331_4,bag,bag,bag,Acid Wash Studded Denim Drawstring Backpack,Washed Blue,backpack
10014953_9,bag,bag,bag,Chanel Black Leather CC Logo Shoulder Bag,black,shoulder
100167523_3,bag,bag,bag,Black Geometric Textured Crossbody Bag,Black,crossbody
100173896_5,bag,bag,bag,Dark Grey Faux Suede Dome Handbag,Dark grey,handbag
100191721_5,bag,bag,bag,Textured Pattern Travel Duffel Bag,Dark brown,duffel
100219114_5,bag,bag,bag,Black Crossbody Bag with Gold Bar Accent,black,crossbody
10022828_3,bag,bag,bag,Hot Pink Pleated Clutch with Heel Clasp,Hot Pink,clutch
100277667_4,bag,bag,bag,Studded Faux Leather Drawstring Bucket Bag,Black,bucket
100285829_14,bag,bag,bag,Pink Embroidered Box Clutch with Stone Clasp,Pink Orange,clutch
100302025_5,bag,bag,bag,Black Structured Tote Bag with Gold Hardware,Black,tote
100330091_7,bag,bag,bag,Vintage Canvas & Leather Buckle Backpack,Black Brown,backpack
100346741_5,bag,bag,bag,Chic Black Quilted Handbag with Gold Handle,Black,handbag
100443358_3,bag,bag,bag,Black Leather Structured Box Clutch with Gold Clasp,Black,clutch
100445477_5,bag,bag,bag,Gucci GG Supreme Canvas Boston Bag,Beige Brown,boston
100475925_5,bag,bag,bag,Black & White Diamond Pattern Satchel Bag,Black White,satchel
10050211_5,bag,bag,bag,Luxury Leather Top Handle Tote Bag,Dark Gray,tote
10051620_3,bag,bag,bag,Jeweled Ruched Satin Evening Clutch,Grey,clutch
100567554_3,bag,bag,bag,Navy Botanical Print Canvas Tote Bag,"Navy, Cream",tote
10061435_4,bag,bag,bag,Black Leather Y-Detail Pleated Satchel Bag,Black,satchel
100624869_4,bag,bag,bag,Michael Kors Cognac Leather Hobo Shoulder Bag,cognac brown,shoulder
100658683_3,bag,bag,bag,Black Quilted Flap Chain Shoulder Bag,Black,shoulder
100669789_11,bag,bag,bag,Tartan Plaid Mini Top Handle Bag,Red Black,handbag
100675259_5,bag,bag,bag,Two-Tone Pink & Beige Handbag with Braided Chain,Pink Beige,handbag
100721059_2,bag,bag,bag,Vibrant Red Geometric Quilted Clutch,Red,clutch
100728995_2,bag,bag,bag,Neon Patent Skull Embellished Clutch,Neon yellow,clutch
100745439_4,bag,bag,bag,Elegant Royal Blue Structured Handbag with Braided Handles,"Royal blue, black",handbag
